{
    "width": 800,
    "height": 400,
    "river": {
        "path": [
            [
                29.0,
                -30.91128079362946
            ],
            [
                36.81818181818182,
                -27.34062074685081
            ],
            [
                44.63636363636364,
                -24.053294077670664
            ],
            [
                52.45454545454545,
                -21.02093058590812
            ],
            [
                60.27272727272727,
                -18.211057618415097
            ],
            [
                68.0909090909091,
                -15.5876225662213
            ],
            [
                75.9090909090909,
                -13.111572964508351
            ],
            [
                83.72727272727272,
                -10.741484861387653
            ],
            [
                91.54545454545455,
                -8.434229344792762
            ],
            [
                99.36363636363636,
                -6.145666502819408
            ],
            [
                107.18181818181819,
                -3.831355651431246
            ],
            [
                115.0,
                -1.4472704017019158
            ],
            [
                122.81818181818181,
                1.0494929391064325
            ],
            [
                130.63636363636363,
                3.7000250310663887
            ],
            [
                138.45454545454544,
                6.5429423374830495
            ],
            [
                146.27272727272728,
                9.613765771543648
            ],
            [
                154.0909090909091,
                12.944349151527653
            ],
            [
                161.9090909090909,
                16.562366660946505
            ],
            [
                169.72727272727272,
                20.490867560571377
            ],
            [
                177.54545454545456,
                24.74790531719917
            ],
            [
                185.36363636363637,
                29.346247116613664
            ],
            [
                193.1818181818182,
                34.29316843478696
            ],
            [
                201.0,
                39.59033597274768
            ],
            [
                208.8181818181818,
                45.23378083873741
            ],
            [
                216.63636363636363,
                51.213962409164836
            ],
            [
                224.45454545454547,
                57.51592184081079
            ],
            [
                232.27272727272728,
                64.11952276421525
            ],
            [
                240.0909090909091,
                70.99977528539989
            ],
            [
                247.9090909090909,
                78.12723808261663
            ],
            [
                255.72727272727272,
                85.46849212823588
            ],
            [
                263.54545454545456,
                92.98667841341091
            ],
            [
                271.3636363636364,
                100.64209102332799
            ],
            [
                279.1818181818182,
                108.39281602023924
            ],
            [
                287.0,
                116.19540585441094
            ],
            [
                294.8181818181818,
                124.00557845146287
            ],
            [
                302.6363636363636,
                131.7789297275215
            ],
            [
                310.45454545454544,
                139.4716480675518
            ],
            [
                318.27272727272725,
                147.0412192706433
            ],
            [
                326.0909090909091,
                154.44711061941777
            ],
            [
                333.90909090909093,
                161.65142306662443
            ],
            [
                341.72727272727275,
                168.61950104499755
            ],
            [
                349.54545454545456,
                175.32049008830646
            ],
            [
                357.3636363636364,
                181.72783329126747
            ],
            [
                365.1818181818182,
                187.81969862009095
            ],
            [
                373.0,
                193.5793301980775
            ],
            [
                380.8181818181818,
                198.9953179139468
            ],
            [
                388.6363636363636,
                204.06178101479878
            ],
            [
                396.45454545454544,
                208.77846272962972
            ],
            [
                404.27272727272725,
                213.15073440087352
            ],
            [
                412.0909090909091,
                217.18950905749128
            ],
            [
                419.90909090909093,
                220.91106582025023
            ],
            [
                427.72727272727275,
                224.33678796457653
            ],
            [
                435.54545454545456,
                227.49281885564926
            ],
            [
                443.3636363636364,
                230.40964129186818
            ],
            [
                451.1818181818182,
                233.12158702521643
            ],
            [
                459.0,
                235.66628435051976
            ],
            [
                466.8181818181818,
                238.08405265209663
            ],
            [
                474.6363636363636,
                240.41725364977185
            ],
            [
                482.45454545454544,
                242.70960978294664
            ],
            [
                490.2727272727273,
                245.005500700182
            ],
            [
                498.0909090909091,
                247.34924917404007
            ],
            [
                505.90909090909093,
                249.78440793108214
            ],
            [
                513.7272727272727,
                252.35305887219448
            ],
            [
                521.5454545454545,
                255.09513595905068
            ],
            [
                529.3636363636364,
                258.04778266171894
            ],
            [
                537.1818181818182,
                261.244754306325
            ],
            [
                545.0,
                264.7158749392185
            ],
            [
                552.8181818181819,
                268.486557446903
            ],
            [
                560.6363636363636,
                272.57739465317945
            ],
            [
                568.4545454545455,
                277.0038279729017
            ],
            [
                576.2727272727273,
                281.7758989538324
            ],
            [
                584.0909090909091,
                286.89808770437924
            ],
            [
                591.9090909090909,
                292.3692408069748
            ],
            [
                599.7272727272727,
                298.18258987699613
            ],
            [
                607.5454545454545,
                304.32586046860746
            ],
            [
                615.3636363636364,
                310.7814695751882
            ],
            [
                623.1818181818182,
                317.5268085464918
            ],
            [
                631.0,
                324.534606870291
            ],
            [
                638.8181818181819,
                331.7733709651286
            ],
            [
                646.6363636363636,
                339.2078909238317
            ],
            [
                654.4545454545455,
                346.7998070540994
            ],
