{
    "width": 800,
    "height": 400,
    "river": {
        "path": [
            [
                240.0,
                450.0
            ],
            [
                242.40404040404042,
                439.2661398311801
            ],
            [
                244.8080808080808,
                428.7513380331526
            ],
            [
                247.21212121212122,
                418.4555946059172
            ],
            [
                249.6161616161616,
                408.3789095494742
            ],
            [
                252.02020202020202,
                398.52128286382333
            ],
            [
                254.42424242424244,
                388.8827145489646
            ],
            [
                256.82828282828285,
                379.46320460489824
            ],
            [
                259.2323232323232,
                370.26275303162424
            ],
            [
                261.6363636363636,
                361.28135982914233
            ],
            [
                264.04040404040404,
                352.5190249974526
            ],
            [
                266.44444444444446,
                343.97574853655516
            ],
            [
                268.8484848484849,
                335.65153044644995
            ],
            [
                271.25252525252523,
                327.5463707271372
            ],
            [
                273.65656565656565,
                319.6602693786165
            ],
            [
                276.06060606060606,
                311.993226400888
            ],
            [
                278.4646464646465,
                304.54524179395173
            ],
            [
                280.86868686868684,
                297.3163155578079
            ],
            [
                283.27272727272725,
                290.3064476924562
            ],
            [
                285.67676767676767,
                283.51563819789664
            ],
            [
                288.0808080808081,
                276.9438870741294
            ],
            [
                290.4848484848485,
                270.5911943211544
            ],
            [
                292.8888888888889,
                264.4575599389716
            ],
            [
                295.2929292929293,
                258.5429839275812
            ],
            [
                297.6969696969697,
                252.84746628698286
            ],
            [
                300.1010101010101,
                247.3710070171768
            ],
            [
                302.5050505050505,
                242.11360611816298
            ],
            [
                304.9090909090909,
                237.07526358994153
            ],
            [
                307.3131313131313,
                232.2559794325122
            ],
            [
                309.7171717171717,
                227.6557536458751
            ],
            [
                312.1212121212121,
                223.27458623003025
            ],
            [
                314.52525252525254,
                219.11247718497765
            ],
            [
                316.92929292929296,
                215.1694265107173
            ],
            [
                319.3333333333333,
                211.44543420724926
            ],
            [
                321.73737373737373,
                207.9405002745734
            ],
            [
                324.14141414141415,
                204.65462471268975
            ],
            [
                326.54545454545456,
                201.58780752159836
            ],
            [
                328.9494949494949,
                198.7400487012993
            ],
            [
                331.35353535353534,
                196.11134825179238
            ],
            [
                333.75757575757575,
                193.7017061730777
            ],
            [
                336.16161616161617,
                191.51112246515527
            ],
            [
                338.5656565656566,
                189.5395971280251
            ],
            [
                340.969696969697,
                187.78713016168717
            ],
            [
                343.37373737373736,
                186.2537215661415
            ],
            [
                345.77777777777777,
                184.93937134138804
            ],
            [
                348.1818181818182,
                183.84407948742682
            ],
            [
                350.5858585858586,
                182.96784600425786
            ],
            [
                352.98989898989896,
                182.31067089188116
            ],
            [
                355.3939393939394,
                181.87255415029668
            ],
            [
                357.7979797979798,
                181.65349577950442
            ],
            [
                360.2020202020202,
                181.65349577950442
            ],
            [
                362.6060606060606,
                181.87255415029668
            ],
            [
                365.01010101010104,
                182.31067089188116
            ],
            [
                367.4141414141414,
                182.96784600425786
            ],
            [
                369.8181818181818,
                183.84407948742682
            ],
            [
                372.22222222222223,
                184.93937134138804
            ],
            [
                374.6262626262626,
                186.25372156614148
            ],
            [
                377.030303030303,
                187.78713016168717
            ],
            [
                379.4343434343434,
                189.5395971280251
            ],
            [
                381.83838383838383,
                191.51112246515527
            ],
            [
                384.24242424242425,
                193.7017061730777
            ],
            [
                386.64646464646466,
                196.11134825179238
            ],
            [
                389.0505050505051,
                198.7400487012993
            ],
            [
                391.45454545454544,
                201.58780752159836
            ],
            [
                393.85858585858585,
                204.65462471268975
            ],
            [
                396.26262626262627,
                207.9405002745734
            ],
            [
                398.66666666666663,
                211.44543420724918
            ],
            [
                401.07070707070704,
                215.1694265107173
            ],
            [
                403.47474747474746,
                219.11247718497765
            ],
            [
                405.8787878787879,
                223.27458623003025
            ],
            [
                408.2828282828283,
                227.6557536458751
            ],
            [
                410.6868686868687,
                232.2559794325122
            ],
            [
                413.0909090909091,
                237.07526358994153
            ],
            [
                415.4949494949495,
                242.11360611816298
            ],
            [
                417.8989898989899,
                247.3710070171768
            ],
            [
                420.3030303030303,
                252.84746628698286
            ],
            [
                422.70707070707067,
                258.542983927581
            ],
            [
                425.1111111111111,
                264.4575599389716
            ],
            [
                427.5151515151515,
                270.5911943211544
            ],
            [
                429.9191919191919,
                276.9438870741294
            ],
            [
