{
    "width": 800,
    "height": 400,
    "river": {
        "path": [
            [
                31.0,
                451.13633572443155
            ],
            [
                36.95959595959596,
                448.67298278766225
            ],
            [
                42.91919191919192,
                446.14971753773233
            ],
            [
                48.878787878787875,
                443.5258757402076
            ],
            [
                54.838383838383834,
                440.7624114749543
            ],
            [
                60.79797979797979,
                437.8225253996107
            ],
            [
                66.75757575757575,
                434.6722568647804
            ],
            [
                72.71717171717171,
                431.281030353595
            ],
            [
                78.67676767676767,
                427.6221474532249
            ],
            [
                84.63636363636363,
                423.673216442337
            ],
            [
                90.59595959595958,
                419.41651258227216
            ],
            [
                96.55555555555556,
                414.8392633147262
            ],
            [
                102.51515151515152,
                409.93385377699326
            ],
            [
                108.47474747474747,
                404.69794932795816
            ],
            [
                114.43434343434343,
                399.13453311334536
            ],
            [
                120.39393939393939,
                393.25185806578753
            ],
            [
                126.35353535353535,
                387.0633141120506
            ],
            [
                132.3131313131313,
                380.58721272409923
            ],
            [
                138.27272727272725,
                373.84649228065837
            ],
            [
                144.2323232323232,
                366.8683489801129
            ],
            [
                150.19191919191917,
                359.68379924349495
            ],
            [
                156.15151515151513,
                352.3271806486591
            ],
            [
                162.11111111111111,
                344.83559942580047
            ],
            [
                168.07070707070707,
                337.2483334043207
            ],
            [
                174.03030303030303,
                329.60620001784997
            ],
            [
                179.989898989899,
                321.9508995364599
            ],
            [
                185.94949494949495,
                314.3243440937084
            ],
            [
                191.9090909090909,
                306.7679833047214
            ],
            [
                197.86868686868686,
                299.32213732636916
            ],
            [
                203.82828282828282,
                292.02534809084875
            ],
            [
                209.78787878787878,
                284.9137591515675
            ],
            [
                215.74747474747474,
                278.0205341198387
            ],
            [
                221.7070707070707,
                271.37532304996125
            ],
            [
                227.66666666666666,
                265.0037853587465
            ],
            [
                233.62626262626262,
                258.9271769558966
            ],
            [
                239.58585858585857,
                253.1620082284607
            ],
            [
                245.54545454545453,
                247.71977838252684
            ],
            [
                251.5050505050505,
                242.606790416691
            ],
            [
                257.4646464646464,
                237.82404970445057
            ],
            [
                263.4242424242424,
                233.36724781736845
            ],
            [
                269.38383838383834,
                229.2268318492993
            ],
            [
                275.3434343434343,
                225.3881581262254
            ],
            [
                281.30303030303025,
                221.8317278284533
            ],
            [
                287.26262626262627,
                218.53350073392207
            ],
            [
                293.22222222222223,
                215.46528203437506
            ],
            [
                299.1818181818182,
                212.5951760003795
            ],
            [
                305.14141414141415,
                209.8880991955526
            ],
            [
                311.1010101010101,
                207.3063449821862
            ],
            [
                317.06060606060606,
                204.81019023516254
            ],
            [
                323.020202020202,
                202.35853450190712
            ],
            [
                328.979797979798,
                199.90956132405628
            ],
            [
                334.93939393939394,
                197.42141107992575
            ],
            [
                340.8989898989899,
                194.8528545214931
            ],
            [
                346.85858585858585,
                192.1639561684322
            ],
            [
                352.8181818181818,
                189.3167168849412
            ],
            [
                358.77777777777777,
                186.27568530006167
            ],
            [
                364.73737373737373,
                183.00852823350877
            ],
            [
                370.6969696969697,
                179.48655094864492
            ],
            [
                376.65656565656565,
                175.6851588615344
            ],
            [
                382.6161616161616,
                171.58425327700516
            ],
            [
                388.57575757575756,
                167.16855478417818
            ],
            [
                394.5353535353535,
                162.42784910790783
            ],
            [
                400.4949494949495,
                157.35715146029298
            ],
            [
                406.45454545454544,
                151.95678674777992
            ],
            [
                412.4141414141414,
                146.2323843432963
            ],
            [
                418.37373737373736,
                140.1947875075333
            ],
            [
                424.3333333333333,
                133.85987891682203
            ],
            [
                430.2929292929293,
                127.24832510492611
            ],
            [
                436.25252525252523,
                120.3852439307767
            ],
            [
                442.2121212121212,
                113.29980042272015
            ],
            [
                448.17171717171715,
                106.0247375022941
            ],
            [
                454.1313131313131,
                98.59584913836304
            ],
            [
                460.09090909090907,
                91.0514044087602
            ],
            [
                466.050505050505,
                83.4315317364997
            ],
            [
                472.010101010101,
                75.77757320842852
            ],
            [
                477.96969696969694,
                68.13141936557344
            ],
            [
                483.9292929292929,
                60.53483516865423
            ],
            [
                489.88888888888886,
                53.02878798423213
            ],
            [
                495.8484848484848,
                45.652788404445445
            ],
            [
                501.8080808080808,
                38.44425450679234
            ],
            [
