{
    "width": 800,
    "height": 400,
    "river": {
        "path": [
            [
                850.0,
                103.999024394392
            ],
            [
                840.9090909090909,
                104.36507348584239
            ],
            [
                831.8181818181819,
                104.53980278076858
            ],
            [
                822.7272727272727,
                104.57631080700736
            ],
            [
                813.6363636363636,
                104.52992012435037
            ],
            [
                804.5454545454545,
                104.45728716384751
            ],
            [
                795.4545454545455,
                104.41549060462273
            ],
            [
                786.3636363636364,
                104.4611129565601
            ],
            [
                777.2727272727273,
                104.64933012653886
            ],
            [
                768.1818181818181,
                105.03302361743734
            ],
            [
                759.0909090909091,
                105.66192964495585
            ],
            [
                750.0,
                106.58183886328807
            ],
            [
                740.9090909090909,
                107.8338595763538
            ],
            [
                731.8181818181818,
                109.45375628980055
            ],
            [
                722.7272727272727,
                111.4713742467195
            ],
            [
                713.6363636363636,
                113.91015920651203
            ],
            [
                704.5454545454545,
                116.78678019384435
            ],
            [
                695.4545454545455,
                120.11086128780072
            ],
            [
                686.3636363636364,
                123.88482676684824
            ],
            [
                677.2727272727273,
                128.1038621012889
            ],
            [
                668.1818181818181,
                132.7559914208448
            ],
            [
                659.090909090909,
                137.82227021089363
            ],
            [
                650.0,
                143.27709013680095
            ],
            [
                640.9090909090909,
                149.0885910916104
            ],
            [
                631.8181818181818,
                155.21917383709126
            ],
            [
                622.7272727272727,
                161.62610498955615
            ],
            [
                613.6363636363636,
                168.2622046160017
            ],
            [
                604.5454545454545,
                175.0766053768916
            ],
            [
                595.4545454545455,
                182.0155710006912
            ],
            [
                586.3636363636363,
                189.02336092059255
            ],
            [
                577.2727272727273,
                196.04312716109936
            ],
            [
                568.1818181818181,
                203.01782904323406
            ],
            [
                559.090909090909,
                209.8911509904144
            ],
            [
                550.0,
                216.60840866716188
            ],
            [
                540.9090909090909,
                223.11742887053035
            ],
            [
                531.8181818181818,
                229.36938901647133
            ],
            [
                522.7272727272727,
                235.31960271348802
            ],
            [
                513.6363636363636,
                240.92823878340207
            ],
            [
                504.5454545454545,
                246.1609621599207
            ],
            [
                495.45454545454544,
                250.98948635270654
            ],
            [
                486.3636363636363,
                255.39202858759572
            ],
            [
                477.27272727272725,
                259.35366029958834
            ],
            [
                468.18181818181813,
                262.86654733904766
            ],
            [
                459.09090909090907,
                265.93007602610044
            ],
            [
                449.99999999999994,
                268.5508630249755
            ],
            [
                440.9090909090909,
                270.7426488794
            ],
            [
                431.81818181818176,
                272.52607692210665
            ],
            [
                422.7272727272727,
                273.9283611158829
            ],
            [
                413.6363636363636,
                274.98284817072215
            ],
            [
                404.5454545454545,
                275.72848098277706
            ],
            [
                395.45454545454544,
                276.20917202858294
            ],
            [
                386.3636363636363,
                276.4730967968717
            ],
            [
                377.27272727272725,
                276.57191862692457
            ],
            [
                368.18181818181813,
                276.5599574261032
            ],
            [
                359.09090909090907,
                276.49331564220665
            ],
            [
                349.99999999999994,
                276.42897555408445
            ],
            [
                340.9090909090909,
                276.4238824054396
            ],
            [
                331.81818181818176,
                276.5340281345404
            ],
            [
                322.72727272727263,
                276.813550442974
            ],
            [
                313.6363636363636,
                277.31386169976207
            ],
            [
                304.5454545454545,
                278.082821697097
            ],
            [
                295.4545454545454,
                279.1639675683708
            ],
            [
                286.36363636363626,
                280.59581325940024
            ],
            [
                277.27272727272725,
                282.411229824622
            ],
            [
                268.18181818181813,
                284.63691651952166
            ],
            [
                259.090909090909,
                287.29297119961836
            ],
            [
                250.0,
                290.3925669384462
            ],
            [
                240.90909090909088,
                293.9417400678697
            ],
            [
                231.81818181818176,
                297.939293051245
            ],
            [
                222.72727272727263,
                302.3768137522319
            ],
            [
                213.63636363636363,
                307.2388107892172
            ],
            [
                204.5454545454545,
                312.5029627974439
            ],
            [
                195.45454545454538,
                318.14047758812535
            ],
            [
                186.36363636363626,
                324.11655542554126
            ],
            [
                177.27272727272725,
                330.39094896781216
            ],
            [
                168.18181818181813,
                336.91861086169683
            ],
            [
                159.090909090909,
                343.650418571368
            ],
            [
                149.9999999999999,
                350.53396477840306
            ],
            [
                140.90909090909088,
                357.5144006351553
            ],
            [
                131.81818181818176,
                364.53531830324437
            ],
            [
                122.72727272727263,
                371.5396585767915
