{
    "width": 800,
    "height": 400,
    "river": {
        "path": [
            [
                -50.0,
                143.0
            ],
            [
                -40.90909090909091,
                146.05050505050505
            ],
            [
                -31.818181818181817,
                149.1010101010101
            ],
            [
                -22.727272727272727,
                152.15151515151516
            ],
            [
                -13.636363636363633,
                155.2020202020202
            ],
            [
                -4.54545454545454,
                158.25252525252526
            ],
            [
                4.545454545454547,
                161.3030303030303
            ],
            [
                13.63636363636364,
                164.35353535353536
            ],
            [
                22.727272727272734,
                167.40404040404042
            ],
            [
                31.818181818181827,
                170.45454545454547
            ],
            [
                40.90909090909092,
                173.50505050505052
            ],
            [
                50.000000000000014,
                176.55555555555554
            ],
            [
                59.09090909090909,
                179.60606060606062
            ],
            [
                68.18181818181819,
                182.65656565656565
            ],
            [
                77.27272727272728,
                185.7070707070707
            ],
            [
                86.36363636363637,
                188.75757575757575
            ],
            [
                95.45454545454547,
                191.8080808080808
            ],
            [
                104.54545454545456,
                194.85858585858585
            ],
            [
                113.63636363636365,
                197.9090909090909
            ],
            [
                122.72727272727275,
                200.95959595959596
            ],
            [
                131.81818181818184,
                204.010101010101
            ],
            [
                140.90909090909093,
                207.06060606060606
            ],
            [
                150.00000000000003,
                210.11111111111111
            ],
            [
                159.09090909090912,
                213.16161616161617
            ],
            [
                168.1818181818182,
                216.21212121212122
            ],
            [
                177.27272727272728,
                219.26262626262627
            ],
            [
                186.36363636363637,
                222.31313131313132
            ],
            [
                195.45454545454547,
                225.36363636363637
            ],
            [
                204.54545454545456,
                228.4141414141414
            ],
            [
                213.63636363636368,
                231.46464646464648
            ],
            [
                222.72727272727275,
                234.5151515151515
            ],
            [
                231.81818181818187,
                237.56565656565658
            ],
            [
                240.90909090909093,
                240.6161616161616
            ],
            [
                250.0,
                243.66666666666669
            ],
            [
                259.0909090909091,
                246.7171717171717
            ],
            [
                268.1818181818182,
                249.7676767676768
            ],
            [
                277.2727272727273,
                252.8181818181818
            ],
            [
                286.3636363636364,
                255.8686868686869
            ],
            [
                295.4545454545455,
                258.9191919191919
            ],
            [
                304.54545454545456,
                261.969696969697
            ],
            [
                313.6363636363637,
                265.020202020202
            ],
            [
                322.72727272727275,
                268.07070707070704
            ],
            [
                331.81818181818187,
                271.1212121212121
            ],
            [
                340.90909090909093,
                274.1717171717172
            ],
            [
                350.00000000000006,
                277.22222222222223
            ],
            [
                359.0909090909091,
                280.27272727272725
            ],
            [
                368.18181818181824,
                283.32323232323233
            ],
            [
                377.2727272727273,
                286.3737373737374
            ],
            [
                386.3636363636364,
                289.42424242424244
            ],
            [
                395.4545454545455,
                292.47474747474746
            ],
            [
                404.54545454545456,
                295.52525252525254
            ],
            [
                413.6363636363637,
                298.5757575757576
            ],
            [
                422.72727272727275,
                301.62626262626264
            ],
            [
                431.81818181818187,
                304.67676767676767
            ],
            [
                440.90909090909093,
                307.72727272727275
            ],
            [
                450.00000000000006,
                310.77777777777777
            ],
            [
                459.0909090909091,
                313.8282828282828
            ],
            [
                468.18181818181824,
                316.8787878787879
            ],
            [
                477.27272727272737,
                319.92929292929296
            ],
            [
                486.3636363636364,
                322.979797979798
            ],
            [
                495.4545454545455,
                326.030303030303
            ],
            [
                504.5454545454546,
                329.0808080808081
            ],
            [
                513.6363636363637,
                332.13131313131316
            ],
            [
                522.7272727272727,
                335.1818181818182
            ],
            [
                531.8181818181819,
                338.2323232323232
            ],
            [
                540.909090909091,
                341.2828282828283
            ],
            [
                550.0,
                344.33333333333337
            ],
            [
                559.0909090909091,
                347.3838383838384
            ],
            [
                568.1818181818182,
                350.4343434343434
            ],
            [
                577.2727272727274,
                353.4848484848485
            ],
            [
                586.3636363636364,
                356.5353535353536
            ],
            [
                595.4545454545455,
                359.5858585858586
            ],
            [
                604.5454545454546,
                362.6363636363636
            ],
            [
                613.6363636363637,
                365.6868686868687
            ],
            [
                622.7272727272727,
                368.7373737373738
            ],
            [
                631.8181818181819,
                371.78787878787875
            ],
            [
                640.909090909091,
                374.83838383838383
            ],
            [
                650.0000000000001,
                377.8888888888889
            ],
            [
                659.0909090909091,
                380.93939393939394
            ],
            [
                668.1818181818182,
                383.98989898989896
            ],
            [
                677.2727272727274,
