{
    "width": 800,
    "height": 400,
    "river": {
        "path": [
            [
                850.0,
                -20.790497392302093
            ],
            [
                846.1818181818181,
                -18.23236754309034
            ],
            [
                842.3636363636364,
                -15.291806164555469
            ],
            [
                838.5454545454545,
                -11.943152453902403
            ],
            [
                834.7272727272727,
                -8.167311966724316
            ],
            [
                830.9090909090909,
                -3.9520638537612065
            ],
            [
                827.0909090909091,
                0.7077425010609595
            ],
            [
                823.2727272727273,
                5.810104605289482
            ],
            [
                819.4545454545455,
                11.345899078798023
            ],
            [
                815.6363636363636,
                17.299028452388274
            ],
            [
                811.8181818181818,
                23.646680182095025
            ],
            [
                808.0,
                30.359693711558236
            ],
            [
                804.1818181818181,
                37.40302967629104
            ],
            [
                800.3636363636364,
                44.73633370017041
            ],
            [
                796.5454545454545,
                52.314585712455795
            ],
            [
                792.7272727272727,
                60.088824337579446
            ],
            [
                788.9090909090909,
                68.006934702008
            ],
            [
                785.0909090909091,
                76.01448698206569
            ],
            [
                781.2727272727273,
                84.055612200173
            ],
            [
                777.4545454545455,
                92.07390117760929
            ],
            [
                773.6363636363636,
                100.0133121793151
            ],
            [
                769.8181818181818,
                107.8190726463873
            ],
            [
                766.0,
                115.43856050705547
            ],
            [
                762.1818181818181,
                122.82215088551555
            ],
            [
                758.3636363636364,
                129.92401458475737
            ],
            [
                754.5454545454545,
                136.70285549550078
            ],
            [
                750.7272727272727,
                143.1225750660521
            ],
            [
                746.9090909090909,
                149.15285314151453
            ],
            [
                743.0909090909091,
                154.76963582643
            ],
            [
                739.2727272727273,
                159.9555225209616
            ],
            [
                735.4545454545455,
                164.7000459030586
            ],
            [
                731.6363636363636,
                168.99984035158658
            ],
            [
                727.8181818181818,
                172.8586961004314
            ],
            [
                724.0,
                176.28749825221706
            ],
            [
                720.1818181818182,
                179.3040516329299
            ],
            [
                716.3636363636364,
                181.93279430560327
            ],
            [
                712.5454545454545,
                184.2044043527354
            ],
            [
                708.7272727272727,
                186.15530625445794
            ],
            [
                704.9090909090909,
                187.82708480501543
            ],
            [
                701.0909090909091,
                189.26581599785948
            ],
            [
                697.2727272727273,
                190.52132564566557
            ],
            [
                693.4545454545455,
                191.6463876643561
            ],
            [
                689.6363636363636,
                192.69587492103707
            ],
            [
                685.8181818181818,
                193.725876309026
            ],
            [
                682.0,
                194.79279425656222
            ],
            [
                678.1818181818182,
                195.95243719062205
            ],
            [
                674.3636363636364,
                197.25912155843847
            ],
            [
                670.5454545454545,
                198.76479785553204
            ],
            [
                666.7272727272727,
                200.5182147227911
            ],
            [
                662.9090909090909,
                202.56413456259085
            ],
            [
                659.0909090909091,
                204.94261329498352
            ],
            [
                655.2727272727273,
                207.6883558429497
            ],
            [
                651.4545454545455,
                210.83015771719673
            ],
            [
                647.6363636363636,
                214.39044168561165
            ],
            [
                643.8181818181818,
                218.38489698253247
            ],
            [
                640.0,
                222.82222686309464
            ],
            [
                636.1818181818182,
                227.70400856459764
            ],
            [
                632.3636363636364,
                233.0246679281669
            ],
            [
                628.5454545454545,
                238.7715690890563
            ],
            [
                624.7272727272727,
                244.92521779244197
            ],
            [
                620.9090909090909,
                251.4595750632804
            ],
            [
                617.0909090909091,
                258.3424761831636
            ],
            [
                613.2727272727273,
                265.53614823267964
            ],
            [
                609.4545454545455,
                272.9978178718244
            ],
            [
                605.6363636363636,
                280.68039957905575
            ],
            [
                601.8181818181818,
                288.53325327495963
            ],
            [
                598.0,
                296.502999140085
            ],
            [
                594.1818181818181,
                304.53437651622113
            ],
            [
                590.3636363636364,
                312.5711330710734
            ],
            [
                586.5454545454545,
                320.5569299193489
            ],
            [
                582.7272727272727,
                328.4362481365088
            ],
            [
                578.9090909090909,
                336.15528207904885
            ],
            [
                575.090909090909,
                343.6628051374433
            ],
            [
                571.2727272727273,
                350.91099399146924
            ],
            [
                567.4545454545455,
                357.85619810533075
            ],
            [
                563.6363636363636,
                364.45964208112014
            ],
            [
                559.8181818181818,
                370.68804956948503
            ],
            [
                556.0,
                376.5141786985463
            ],
            [
                552.1818181818182,
                381.91726040581426
            ],
            [
                548.3636363636364,
                386.8833326201791
            ],
            [
                544.5454545454545,
                391.4054649168607
            ],
            [
