{
    "width": 800,
    "height": 400,
    "river": {
        "path": [
            [
                -50.0,
                59.0
            ],
            [
                -40.90909090909091,
                60.76767676767677
            ],
            [
                -31.818181818181817,
                62.535353535353536
            ],
            [
                -22.727272727272727,
                64.3030303030303
            ],
            [
                -13.636363636363633,
                66.07070707070707
            ],
            [
                -4.54545454545454,
                67.83838383838383
            ],
            [
                4.545454545454547,
                69.60606060606061
            ],
            [
                13.63636363636364,
                71.37373737373737
            ],
            [
                22.727272727272734,
                73.14141414141415
            ],
            [
                31.818181818181827,
                74.9090909090909
            ],
            [
                40.90909090909092,
                76.67676767676768
            ],
            [
                50.000000000000014,
                78.44444444444444
            ],
            [
                59.09090909090909,
                80.21212121212122
            ],
            [
                68.18181818181819,
                81.97979797979798
            ],
            [
                77.27272727272728,
                83.74747474747474
            ],
            [
                86.36363636363637,
                85.51515151515152
            ],
            [
                95.45454545454547,
                87.28282828282829
            ],
            [
                104.54545454545456,
                89.05050505050505
            ],
            [
                113.63636363636365,
                90.81818181818181
            ],
            [
                122.72727272727275,
                92.58585858585859
            ],
            [
                131.81818181818184,
                94.35353535353536
            ],
            [
                140.90909090909093,
                96.12121212121212
            ],
            [
                150.00000000000003,
                97.88888888888889
            ],
            [
                159.09090909090912,
                99.65656565656566
            ],
            [
                168.1818181818182,
                101.42424242424242
            ],
            [
                177.27272727272728,
                103.1919191919192
            ],
            [
                186.36363636363637,
                104.95959595959596
            ],
            [
                195.45454545454547,
                106.72727272727272
            ],
            [
                204.54545454545456,
                108.4949494949495
            ],
            [
                213.63636363636368,
                110.26262626262627
            ],
            [
                222.72727272727275,
                112.03030303030303
            ],
            [
                231.81818181818187,
                113.79797979797979
            ],
            [
                240.90909090909093,
                115.56565656565657
            ],
            [
                250.0,
                117.33333333333334
            ],
            [
                259.0909090909091,
                119.1010101010101
            ],
            [
                268.1818181818182,
                120.86868686868686
            ],
            [
                277.2727272727273,
                122.63636363636364
            ],
            [
                286.3636363636364,
                124.4040404040404
            ],
            [
                295.4545454545455,
                126.17171717171718
            ],
            [
                304.54545454545456,
                127.93939393939394
            ],
            [
                313.6363636363637,
                129.70707070707073
            ],
            [
                322.72727272727275,
                131.47474747474746
            ],
            [
                331.81818181818187,
                133.24242424242425
            ],
            [
                340.90909090909093,
                135.010101010101
            ],
            [
                350.00000000000006,
                136.77777777777777
            ],
            [
                359.0909090909091,
                138.54545454545456
            ],
            [
                368.18181818181824,
                140.31313131313132
            ],
            [
                377.2727272727273,
                142.08080808080808
            ],
            [
                386.3636363636364,
                143.84848484848484
            ],
            [
                395.4545454545455,
                145.6161616161616
            ],
            [
                404.54545454545456,
                147.3838383838384
            ],
            [
                413.6363636363637,
                149.15151515151516
            ],
            [
                422.72727272727275,
                150.91919191919192
            ],
            [
                431.81818181818187,
                152.6868686868687
            ],
            [
                440.90909090909093,
                154.45454545454544
            ],
            [
                450.00000000000006,
                156.22222222222223
            ],
            [
                459.0909090909091,
                157.989898989899
            ],
            [
                468.18181818181824,
                159.75757575757575
            ],
            [
                477.27272727272737,
                161.52525252525254
            ],
            [
                486.3636363636364,
                163.2929292929293
            ],
            [
                495.4545454545455,
                165.06060606060606
            ],
            [
                504.5454545454546,
                166.82828282828285
            ],
            [
                513.6363636363637,
                168.59595959595958
            ],
            [
                522.7272727272727,
                170.36363636363637
            ],
            [
                531.8181818181819,
                172.13131313131314
            ],
            [
                540.909090909091,
                173.8989898989899
            ],
            [
                550.0,
                175.66666666666669
            ],
            [
                559.0909090909091,
                177.43434343434342
            ],
            [
                568.1818181818182,
                179.2020202020202
            ],
            [
                577.2727272727274,
                180.96969696969697
            ],
            [
                586.3636363636364,
                182.73737373737373
            ],
            [
                595.4545454545455,
                184.50505050505052
            ],
            [
                604.5454545454546,
                186.27272727272728
            ],
            [
                613.6363636363637,
                188.04040404040404
            ],
            [
                622.7272727272727,
                189.8080808080808
            ],
            [
                631.8181818181819,
                191.5757575757576
            ],
            [
                640.909090909091,
                193.34343434343435
            ],
            [
                650.0000000000001,
                195.11111111111111
            ],
            [
                659.0909090909091,
                196.87878787878788
            ],
            [
                668.1818181818182,
                198.64646464646466
            ],
            [
                677.2727272727274,
